Name,Place,ID
"Smith, Jennifer","New York City, Maple Street",123.456.789
"Johnson, Michael","London, Elm Street",987.654.321
"Williams, Emily","Paris, Oak Avenue",234.567.890
"Brown, Matthew","Tokyo, Cherry Blossom Lane",567.890.123
"Jones, Samantha","Sydney, Beach Road",321.654.987
"Davis, Benjamin","Berlin, Main Street",890.123.456
"Miller, Olivia","Rome, Via Appia",456.789.012
"Wilson, Ethan","Los Angeles, Sunset Boulevard",789.012.345
"Anderson, Ava","Mumbai, Market Street",012.345.678
"Thomas, William","Toronto, Queen Street",678.901.234